"url","Location & Position","Location & Position_link","location","location_link","skill","skill_link","company","company_link"
"https://hasjob.co/","Anywhere Feb 2 Backend Developer for REST APIs in Node.js AimsQuant New!","https://hasjob.co/aimsquant.com/16hr2","Anywhere","https://hasjob.co/aimsquant.com/16hr2","Backend Developer for REST APIs in Node.js","https://hasjob.co/aimsquant.com/16hr2","AimsQuant","https://hasjob.co/aimsquant.com/16hr2"
"https://hasjob.co/","Bangalore Feb 2 Interns/Part time job- Business development- Freshers/Undergrads can apply Buyhatke New!","https://hasjob.co/buyhatke.com/euy3z","Bangalore","https://hasjob.co/buyhatke.com/euy3z","Interns/Part time job- Business development- Freshers/Undergrads can apply","https://hasjob.co/buyhatke.com/euy3z","Buyhatke","https://hasjob.co/buyhatke.com/euy3z"
"https://hasjob.co/","Bangalore Feb 2 Communication Designer (Brand designer with UI/UX experience) GreedyGame New!","https://hasjob.co/greedygame.com/f9xt6","Bangalore","https://hasjob.co/greedygame.com/f9xt6","Communication Designer (Brand designer with UI/UX experience)","https://hasjob.co/greedygame.com/f9xt6","GreedyGame","https://hasjob.co/greedygame.com/f9xt6"
"https://hasjob.co/","Banglore Feb 2 Digital Marteking & HR Admin Enterprise Bot New!","https://hasjob.co/enterprisebot.org/ecvxg","Banglore","https://hasjob.co/enterprisebot.org/ecvxg","Digital Marteking & HR Admin","https://hasjob.co/enterprisebot.org/ecvxg","Enterprise Bot","https://hasjob.co/enterprisebot.org/ecvxg"
"https://hasjob.co/","Bangalore Feb 2 Manager of Technology and Data Analytics Centre for Teacher Accreditation (CENTA) Pvt. Ltd. New!","https://hasjob.co/centa.org/oiqzz","Bangalore","https://hasjob.co/centa.org/oiqzz","Manager of Technology and Data Analytics","https://hasjob.co/centa.org/oiqzz","Centre for Teacher Accreditation (CENTA) Pvt. Ltd.","https://hasjob.co/centa.org/oiqzz"
"https://hasjob.co/","Hyderabad Feb 2 C/C++ Networking Engineer Civil Maps New!","https://hasjob.co/civilmaps.com","Hyderabad; Hyderabad; Hyderabad; Hyderabad","https://hasjob.co/civilmaps.com; ; ; ","C/C++ Networking Engineer; Backend Developer; 3D Game Engine Developer; Full Stack Developer","https://hasjob.co/civilmaps.com; ; ; ","Civil Maps; Civil Maps; Civil Maps; Civil Maps","https://hasjob.co/civilmaps.com; ; ; "
"https://hasjob.co/","Anywhere Feb 1 Full stack web developer Learnonthego New!","https://hasjob.co/learnonthego.co.in/3kjjh","Anywhere","https://hasjob.co/learnonthego.co.in/3kjjh","Full stack web developer","https://hasjob.co/learnonthego.co.in/3kjjh","Learnonthego","https://hasjob.co/learnonthego.co.in/3kjjh"
"https://hasjob.co/","Mumbai Feb 1 Job Opportunity at Early Stage Ed-Tech Start-up ZipLearn New!","https://hasjob.co/ziplearn.in/gtcxc","Mumbai","https://hasjob.co/ziplearn.in/gtcxc","Job Opportunity at Early Stage Ed-Tech Start-up","https://hasjob.co/ziplearn.in/gtcxc","ZipLearn","https://hasjob.co/ziplearn.in/gtcxc"
"https://hasjob.co/","Chennai Feb 1 Software Developer Sys Two Analytics and Research New!","https://hasjob.co/s2adv.com/u6o79","Chennai","https://hasjob.co/s2adv.com/u6o79","Software Developer","https://hasjob.co/s2adv.com/u6o79","Sys Two Analytics and Research","https://hasjob.co/s2adv.com/u6o79"
"https://hasjob.co/","Bangalore Feb 1 Senior Web Developer Planet Ganges New!","https://hasjob.co/planetganges.com/obsmb","Bangalore","https://hasjob.co/planetganges.com/obsmb","Senior Web Developer","https://hasjob.co/planetganges.com/obsmb","Planet Ganges","https://hasjob.co/planetganges.com/obsmb"
"https://hasjob.co/","noida Feb 1 java developer Cargo Zippers New!","https://hasjob.co/cargozippers.com/yk5sb","noida","https://hasjob.co/cargozippers.com/yk5sb","java developer","https://hasjob.co/cargozippers.com/yk5sb","Cargo Zippers","https://hasjob.co/cargozippers.com/yk5sb"
"https://hasjob.co/","Vaishali Ghaziabad Feb 1 Android Developer Amsyt Technologies Private Limited New!","https://hasjob.co/amsyt.com","Vaishali Ghaziabad; Vaishali, Ghaziabad","https://hasjob.co/amsyt.com; ","Android Developer; PHP developer required in IT firm located in Vaishali Ghaziabad","https://hasjob.co/amsyt.com; ","Amsyt Technologies Private Limited; Amsyt Technologies Private Limited","https://hasjob.co/amsyt.com; "
"https://hasjob.co/","Chennai Feb 1 Javascript Developer - Intern KlentySoft Inc New!","https://hasjob.co/klenty.com/82ii7","Chennai","https://hasjob.co/klenty.com/82ii7","Javascript Developer - Intern","https://hasjob.co/klenty.com/82ii7","KlentySoft Inc","https://hasjob.co/klenty.com/82ii7"
"https://hasjob.co/","Bangalore Feb 1 Front End Web Developer PurpleRain New!","https://hasjob.co/purplerainit.recruiterbox.com/rakjo","Bangalore","https://hasjob.co/purplerainit.recruiterbox.com/rakjo","Front End Web Developer","https://hasjob.co/purplerainit.recruiterbox.com/rakjo","PurpleRain","https://hasjob.co/purplerainit.recruiterbox.com/rakjo"
"https://hasjob.co/","New Delhi Feb 1 Change how kids learn through Augmented reality and IoT Jacob Singh New!","https://hasjob.co/jacobsingh.name/6a43u","New Delhi","https://hasjob.co/jacobsingh.name/6a43u","Change how kids learn through Augmented reality and IoT","https://hasjob.co/jacobsingh.name/6a43u","Jacob Singh","https://hasjob.co/jacobsingh.name/6a43u"
"https://hasjob.co/","Amsterdam Feb 1 UX Designer Booking.com New!","https://hasjob.co/booking.com/5ypmo","Amsterdam","https://hasjob.co/booking.com/5ypmo","UX Designer","https://hasjob.co/booking.com/5ypmo","Booking.com","https://hasjob.co/booking.com/5ypmo"
